kamera1;kamera2;kamera1_koord;kamera2_koord
F1;F1;47.736861467104, 18.369289524965;47.736861467104, 18.369289524965