;kamera1;kamera2;kamera1_koord;kamera2_koord;distance;duration
0;F1;F1;47.736861467104, 18.369289524965;47.736861467104, 18.369289524965;0;0
1;F1;F11;47.736861467104, 18.369289524965;46.974156304231, 16.379539316509;216538;8524
2;F1;F12;47.736861467104, 18.369289524965;47.82243068262, 18.98717170425;74472;4550
